{
  "_embedded": {
    "vouchers": [
      {
        "state": "NEW",
        "voucherCode": "VC1234",
        "validUntil": "2021-06-12T07:28:30.016+00:00",
        "_links": {
          "self": {
            "href": "http://localhost:8080/vouchers/10020"
          },
          "voucher": {
            "href": "http://localhost:8080/vouchers/10020"
          },
          "certification": {
            "href": "http://localhost:8080/vouchers/10020/certification"
          },
          "user": {
            "href": "http://localhost:8080/vouchers/10020/user"
          }
        }
      }
    ]
  },
  "_links": {
    "self": {
      "href": "http://localhost:8080/vouchers"
    },
    "profile": {
      "href": "http://localhost:8080/profile/vouchers"
    }
  },
  "page": {
    "size": 20,
    "totalElements": 1,
    "totalPages": 1,
    "number": 0
  }
}
